Gare,cergy prefecture
Itineraire,Cergy Préfecture,Berville
Gare,Eragny
Gare,Cergy 
Itineraire,Les Noues,Goussainville
Itineraire,Les Noues,Goussainville
Itineraire,Cergy,Goussainville
Itineraire,Cergy,Goussainville
Itineraire,Pontoise,Goussainville
Gare,cergy
Itineraire,Pontoise,Goussainville
Itineraire,Cergy-pontoise,Goussainville
Itineraire,Paris,Goussainville
Itineraire,Goussainville,Goussainville
Itineraire,Goussainville,Les Noues
Gare,paris saint lazarre
Gare,marseille saint charles
Itineraire,saint lazarre,cergy prefecture
Gare,exelmans
Gare,jean-zay maine
Gare,jean zay
Gare,maine
Gare,edgart quinet
Gare,exelman
Gare,gaité
Gare,chevaleret
Gare,opera
Gare,opera
Gare,auber
Itineraire,montparnasse,dreux
Itineraire,montparnasse,dreux
Itineraire,montparnasse,dreux
Itineraire,montparnasse,dreux
Itineraire,montparnasse,dreux
Itineraire,montparnasse,dreux
Itineraire,montparnasse,berlin
Itineraire,montparnasse,berlin
Itineraire,montparnasse,auber
Itineraire,montparnasse,auber
Itineraire,montparnasse,auber
Itineraire,montparnasse,auber
Itineraire,montparnasse,auber
Itineraire,Cergy Préfecture,auber
Itineraire,montparnasse,montsouris
Itineraire,montparnasse,montsouris
Itineraire,montparnasse,montsouris
Itineraire,Cergy Préfecture,auber
Itineraire,montparnasse,montsouris
Itineraire,garigliano,montsouris
Itineraire,porte de clignancourt,montsouris
Itineraire,porte de clignancourt,montsouris
Itineraire,cliagnacourt,montsouris
Itineraire,cliagnancourt,montsouris
Itineraire,cliagnancourt,montsouris
Itineraire,porte de clignancourt,montsouris
Itineraire,menilmontant,versailles
Itineraire,cergy pref,evry
Itineraire,cergy pref,meaux
Itineraire,dreux,meaux
Itineraire,montparnasse,londres
Itineraire,montparnasse,dreux
Itineraire,montparnasse,dreux
Itineraire,montparnasse,dreux
Itineraire,montparnasse,dreux
Itineraire,montparnasse,dreux
Itineraire,montparnasse,dreux
Itineraire,montparnasse,dreux
Itineraire,montparnasse,dreux
Itineraire,montparnasse,dreux
Itineraire,montparnasse,dreux
Itineraire,montparnasse,dreux
Itineraire,montparnasse,dreux
Itineraire,montparnasse,dreux
Itineraire,montparnasse,dreux
Itineraire,montparnasse,dreux
Itineraire,montparnasse,dreux
Itineraire,montparnasse,dreux
Itineraire,montparnasse,dreux
Itineraire,montparnasse,dreux
Itineraire,montparnasse,dreux
Itineraire,montparnasse,dreux
Itineraire,montparnasse,dreux
Gare,Franconville
Gare,Cergy Prefecture
Itineraire,Poissy,Carrières sur Seine 
Gare,cergy prefecture
Gare,cergy prefecture
Gare,cergy prefecture
Gare,cergy prefecture
Gare,cergy prefecture
Gare,cergy prefecture
Gare,cergy prefecture
Gare,cergy prefecture
Gare,cergy prefecture
Gare,cergy prefecture
Gare,cergy prefecture
Gare,cergy prefecture
Gare,cergy prefecture
Gare,cergy prefecture
Gare,cergy prefecture
Gare,cergy prefecture
Gare,cergy prefecture
Gare,cergy prefecture
Gare,cergy prefecture
Gare,cergy prefecture
Gare,cergy prefecture
Itineraire,Cergy Préfecture,Cergy Le Haut
Gare,cergy prefecture
Gare,cergy prefecture
Gare,cergy prefecture
Gare,cergy prefecture
Gare,cergy prefecture
Gare,cergy prefecture
Gare,cergy prefecture
Itineraire,Cergy Préfecture,Cergy Le Haut
Gare,paris saint lazarre
Gare,paris saint lazarre
Gare,paris saint lazarre
Gare,paris saint lazarre
Gare,cergy prefecture
Gare,cergy prefecture
Gare,paris saint lazarre
Gare,z
Gare,za
Gare,m
Gare,msdasdsadsa
Gare,mo
Gare,mo
Gare,cergy prefecture
Gare,cergy prefecture
Gare,cergy prefecture
Gare,cergy prefecture
Gare,cergy prefecture
Gare,za
Gare,paris saint lazarre
Itineraire,Cergy Préfecture,Cergy Le Haut
Itineraire,Cergy Préfecture,Cergy Le Haut
Itineraire,Cergy Préfecture,Cergy Le Haut
Itineraire,clichy,Cergy pref
Itineraire,clichy,Cergy pref
Itineraire,Vaureal,Cergy pref
Itineraire,cergy le haut,Cergy pref
Itineraire,paris saint lazare,Cergy pref
Gare,vaureal
Gare,plateau saint martin
Gare,beaumont
Gare,éragny
Gare,eragny
Gare,eragny neuville
Gare,berville
Itineraire,cergy prefecture,berville
Gare,berville
Gare,berville
Gare,berville
Gare,berville
Gare,marines
Gare,cergy prefecture
Gare,marines
Itineraire,Goussainville,Les Noues
Itineraire,Goussainville,Les Noues
Gare,berville
Gare,cergy prefecture
Itineraire,cergy pref,berville
Gare,châtelet 
Gare,châtelet 
Gare,Chatelet les halles
Gare,Chatelet les halles
Itineraire,les tuileries,la défense 
Itineraire,les tuileries,la défense 
Itineraire,tuileries,la défense 
Itineraire,paris,london
Itineraire,Cergy,clichy
Itineraire,Cergy,clichy
Itineraire,Cergy,clichy
Gare,eragny
Gare,eragny
Gare,eragny
Itineraire,Cergy,clichy
Itineraire,Cergy,clichy
Itineraire,Cergy,clichy
Itineraire,Cergy,clichy
Itineraire,Cergy,clichy
Itineraire,Cergy,Berville
Itineraire,Cergy,Cergy Le Haut
Itineraire,Cergy,Cergy Le Haut
Itineraire,Cergy,Cergy
Itineraire,Cergy,Cergy
Itineraire,Cergy,Cergy
Itineraire,Cergy,Cergy
Itineraire,Cergy,Cergy
Itineraire,Cergy,Cergy
Itineraire,Cergy,Cergy
Gare,cergy le haut
Gare,cergy le haut
Gare,cergy le haut
Gare,cergy le haut
Gare,cergy le haut
Gare,cergy le haut
Gare,cergy le haut
Gare,cergy le haut
Gare,cergy le haut
Gare,cergy le haut
Gare,cergy le haut
Gare,cergy le haut
Gare,cergy le haut
Gare,cergy le haut
Gare,cergy le haut
Gare,cergy le haut
Gare,cergy le haut
Gare,cergy le haut
Gare,cergy le haut
Gare,cergy le haut
Gare,cergy le haut
Gare,cergy le haut
Gare,cergy le haut
Gare,cergy le haut
Gare,cergy le haut
Gare,cergy le haut
Gare,cergy le haut
Gare,cergy le haut
Gare,cergy le haut
Gare,cergy le haut
Gare,cergy le haut
Gare,cergy le haut
Gare,cergy le haut
Gare,cergy le haut
Gare,cergy le haut
Gare,cergy le haut
Gare,cergy le haut
Gare,cergy le haut
Gare,cergy le haut
Gare,cergy le haut
Gare,cergy le haut
Gare,cergy le haut
Gare,cergy le haut
Gare,cergy le haut
Gare,cergy le haut
Gare,cergy le haut
Gare,cergy le haut
Gare,cergy le haut
Gare,cergy le haut
Gare,cergy le haut
Gare,cergy le haut
Gare,cergy le haut
Gare,cergy le haut
Gare,cergy le haut
Gare,cergy le haut
Gare,cergy le haut
Gare,cergy le haut
Gare,cergy le haut
Gare,cergy le haut
Gare,cergy le haut
Gare,cergy le haut
Gare,cergy le haut
Gare,cergy le haut
Itineraire,Cergy,clichy
Gare,cergy le haut
Gare,cergy le haut
Gare,cergy le haut
Gare,cergy le haut
Gare,Cergy Préfecture
Gare,Cergy Préfecture
Itineraire,Cergy Préfecture,Cergy Le Haut
Itineraire,Cergy Préfecture,clichy
Gare,cergy le haut
Gare,cergy le haut
Gare,cergy le haut
Itineraire,Cergy Préfecture,Cergy Le Haut
Itineraire,Cergy Préfecture,clichy
Itineraire,Cergy Préfecture,asdasdf
Itineraire,Cergy Préfecture,asdasfas
Itineraire,Cergy Préfecture,asdfsafasas
Itineraire,Cergy Préfecture,asdfsafasas
Gare,cergy le haut
Gare,cergy le haut
Itineraire,Cergy Préfecture,Cergy Le Haut
Itineraire,Cergy Préfecture,clichy
Itineraire,Cergy Préfecture,Cergy Le Haut
Itineraire,Cergy Préfecture,asdasfasfas
